post_date,sheikh,series_name,khutbah_title,audio_length,location_or_online,series_part
10/8/2025 7:55 PM,ุญุณู ุจู ูุญูุฏ ููุตูุฑ ุงูุฏุบุฑูุฑู,ุงูุชูุณูุฑ ุงูููุณุฑ ( ุณูุฑุฉ ุงููุงุชุญุฉ ),ุญููู ูุจุงุฑ ุงูุณู.,08:23,,
10/8/2025 9:27 PM,ุญุณู ุจู ูุญูุฏ ููุตูุฑ ุงูุฏุบุฑูุฑู,ุงูููุฎุต ุดุฑุญ ูุชุงุจ ุงูุชูุญูุฏ,,14:48,ุฌุงูุนุงููุฑูุฏ,1
10/8/2025 11:43 PM,ุญุณู ุจู ูุญูุฏ ููุตูุฑ ุงูุฏุบุฑูุฑู,ุงูุฃููุงู ุงููุฏูุฉ - ุชุงุจุน ุจุงุจ ุงูุฑุจุง -,,18:36,ุนู ุจุนุฏ,10
10/9/2025 1:20 AM,ุญุณู ุจู ูุญูุฏ ููุตูุฑ ุงูุฏุบุฑูุฑู,ูุนุงุฑุฌ ุงููุจูู ุดุฑุญ ููุธููุฉ ุณูู ุงููุตูู,,26:56,ุนู ุจุนุฏ,4
10/9/2025 1:29 AM,ุญุณู ุจู ูุญูุฏ ููุตูุฑ ุงูุฏุบุฑูุฑู,ุชุฃุณูุณ ุงูุฃุญูุงู - ูุชุงุจ ุงูููุงุญ (ูข),,17:24,,3
10/9/2025 1:29 AM,ุญุณู ุจู ูุญูุฏ ููุตูุฑ ุงูุฏุบุฑูุฑู,ุงูููุฎุต ุดุฑุญ ูุชุงุจ ุงูุชูุญูุฏ,,11:47,ุฌุงูุนุงููุฑูุฏ,2
10/9/2025 8:54 AM,ุญุณู ุจู ูุญูุฏ ููุตูุฑ ุงูุฏุบุฑูุฑู,ุงูููุฎุต ุงููููู,,11:05,ุฌุงูุนุงููุฑูุฏ,1
10/9/2025 9:09 PM,ุญุณู ุจู ูุญูุฏ ููุตูุฑ ุงูุฏุบุฑูุฑู,ุงูุชูุณูุฑ ุงูููุณุฑ ( ุณูุฑุฉ ุงููุจุฃ ),,17:29,,2
10/9/2025 9:19 PM,ุญุณู ุจู ูุญูุฏ ููุตูุฑ ุงูุฏุบุฑูุฑู,ุงูููุฎุต ุดุฑุญ ูุชุงุจ ุงูุชูุญูุฏ,,12:41,ุฌุงูุนุงููุฑูุฏ,3
10/10/2025 7:12 AM,ุญุณู ุจู ูุญูุฏ ููุตูุฑ ุงูุฏุบุฑูุฑู,ุงูููุฎุต ุงููููู,,10:03,ุฌุงูุนุงููุฑูุฏ,2
10/10/2025 7:14 AM,ุญุณู ุจู ูุญูุฏ ููุตูุฑ ุงูุฏุบุฑูุฑู,ุงูููุฎุต ุงููููู,,12:42,ุฌุงูุนุงููุฑูุฏ,3
10/10/2025 10:38 PM,ุญุณู ุจู ูุญูุฏ ููุตูุฑ ุงูุฏุบุฑูุฑู,ุงูููุฎุต ุดุฑุญ ูุชุงุจ ุงูุชูุญูุฏ,,14:43,ุฌุงูุนุงููุฑูุฏ,4
10/10/2025 10:45 PM,ุญุณู ุจู ูุญูุฏ ููุตูุฑ ุงูุฏุบุฑูุฑู,ุงูููุฎุต ุงููููู,,11:58,ุฌุงูุนุงููุฑูุฏ,4
10/10/2025 10:50 PM,ุญุณู ุจู ูุญูุฏ ููุตูุฑ ุงูุฏุบุฑูุฑู,ุงูุฃููุงู ุงููุฏูุฉ - ุชุงุจุน ุจุงุจ ุงูุฑุจุง -,,23:24,ุนู ุจุนุฏ,11
10/10/2025 10:58 PM,ุญุณู ุจู ูุญูุฏ ููุตูุฑ ุงูุฏุบุฑูุฑู,ุงูุฃููุงู ุงููุฏูุฉ - ุชุงุจุน ุจุงุจ ุงูุฑุจุง ูุงููุฑุถ -,ุงููุนู ูู ุงูุณุนูุฏูุฉ.,10:37,ุนู ุจุนุฏ,2
10/13/2025 5:30 PM,ุญุณู ุจู ูุญูุฏ ููุตูุฑ ุงูุฏุบุฑูุฑู,ุชุฃุณูุณ ุงูุฃุญูุงู ุดุฑุญ ุนูุฏุฉ ุงูุฃุญูุงู,,46:46,ุฌุงูุนุงููุฑูุฏ,1
10/14/2025 1:11 AM,ุญุณู ุจู ูุญูุฏ ููุตูุฑ ุงูุฏุบุฑูุฑู,ุฅุฑุดุงุฏ ุงูุณุงุฑู ุดุฑุญ ุงูุณูุฉ ููุจุฑุจูุงุฑู,,58:31,ุฌุงูุนุงููุฑูุฏ,2
10/14/2025 1:22 AM,ุญุณู ุจู ูุญูุฏ ููุตูุฑ ุงูุฏุบุฑูุฑู,ุชุฃุณูุณ ุงูุฃุญูุงู ุดุฑุญ ุนูุฏุฉ ุงูุฃุญูุงู,,36:30,ุฌุงูุนุงููุฑูุฏ,2
10/14/2025 1:26 AM,ุญุณู ุจู ูุญูุฏ ููุตูุฑ ุงูุฏุบุฑูุฑู,ุงูุฃููุงู ุงููุฏูุฉ - ุชุงุจุน ุจุงุจ ุงูุณูู ูุงููุฑุถ -,,13:02,ุนู ุจุนุฏ,3
10/14/2025 1:39 AM,ุญุณู ุจู ูุญูุฏ ููุตูุฑ ุงูุฏุบุฑูุฑู,ุงูููุฎุต ุงููููู,,15:41,ุฌุงูุนุงููุฑูุฏ,5
10/15/2025 10:37 AM,ุญุณู ุจู ูุญูุฏ ููุตูุฑ ุงูุฏุบุฑูุฑู,ููุนูุงูุฉ ุฒูุฏ ุจู ูุงุฏู ูุฏุฎูู,,23:00,ุนู ุจุนุฏ,4
10/15/2025 11:27 AM,ุญุณู ุจู ูุญูุฏ ููุตูุฑ ุงูุฏุบุฑูุฑู,ุงูุชูุณูุฑ ุงูููุณุฑ ( ุณูุฑุฉ ุงููุงุฒุนุงุช ),,12:46,,4
10/15/2025 12:44 PM,ุญุณู ุจู ูุญูุฏ ููุตูุฑ ุงูุฏุบุฑูุฑู,ุงูููุฎุต ุดุฑุญ ูุชุงุจ ุงูุชูุญูุฏ,,12:05,ุฌุงูุนุงููุฑูุฏ,6
10/15/2025 12:48 PM,ุญุณู ุจู ูุญูุฏ ููุตูุฑ ุงูุฏุบุฑูุฑู,ูุนุงุฑุฌ ุงููุจูู ุดุฑุญ ููุธููุฉ ุณูู ุงููุตูู,,28:58,ุนู ุจุนุฏ,6
10/15/2025 12:55 PM,ุญุณู ุจู ูุญูุฏ ููุตูุฑ ุงูุฏุบุฑูุฑู,ุงูููุฎุต ุดุฑุญ ูุชุงุจ ุงูุชูุญูุฏ,,14:05,ุฌุงูุนุงููุฑูุฏ,7
10/15/2025 12:59 PM,ุญุณู ุจู ูุญูุฏ ููุตูุฑ ุงูุฏุบุฑูุฑู,ุงูููุฎุต ุงููููู,,08:34,ุฌุงูุนุงููุฑูุฏ,6
10/16/2025 12:20 AM,ุญุณู ุจู ูุญูุฏ ููุตูุฑ ุงูุฏุบุฑูุฑู,ุชุฃุณูุณ ุงูุฃุญูุงู - ูุชุงุจ ุงูููุงุญ (ูค),,19:26,ุฌุงูุนุงููุฑูุฏ,5
10/16/2025 12:24 AM,ุญุณู ุจู ูุญูุฏ ููุตูุฑ ุงูุฏุบุฑูุฑู,ุฅุฑุดุงุฏ ุงูุณุงุฑู ุดุฑุญ ุงูุณูุฉ ููุจุฑุจูุงุฑู,,11:04,ุฌุงูุนุงููุฑูุฏ,3
10/16/2025 12:43 AM,ุญุณู ุจู ูุญูุฏ ููุตูุฑ ุงูุฏุบุฑูุฑู,ุงูุชูุณูุฑ ุงูููุณุฑ ( ุชุงุจุน ุณูุฑุฉ ุงููุงุฒุนุงุช ),,04:40,,5
10/16/2025 12:44 AM,ุญุณู ุจู ูุญูุฏ ููุตูุฑ ุงูุฏุบุฑูุฑู,ุงูููุฎุต ุดุฑุญ ูุชุงุจ ุงูุชูุญูุฏ,,06:59,ุฌุงูุนุงููุฑูุฏ,8
10/16/2025 12:48 AM,ุญุณู ุจู ูุญูุฏ ููุตูุฑ ุงูุฏุบุฑูุฑู,ููุนูุงูุฉ ุฒูุฏ ุจู ูุงุฏู ูุฏุฎูู,,14:15,ุนู ุจุนุฏ,5
10/16/2025 1:01 AM,ุญุณู ุจู ูุญูุฏ ููุตูุฑ ุงูุฏุบุฑูุฑู,ููุนูุงูุฉ ุฒูุฏ ุจู ูุงุฏู ูุฏุฎูู,,13:16,ุนู ุจุนุฏ,6
10/17/2025 2:11 PM,ุญุณู ุจู ูุญูุฏ ููุตูุฑ ุงูุฏุบุฑูุฑู,ุชุฃุณูุณ ุงูุฃุญูุงู - ูุชุงุจ ุงูููุงุญ (ูฅ),,16:15,ุฌุงูุนุงููุฑูุฏ,6
10/17/2025 2:21 PM,ุญุณู ุจู ูุญูุฏ ููุตูุฑ ุงูุฏุบุฑูุฑู,ุงูุชูุณูุฑ ุงูููุณุฑ ( ุณูุฑุฉ ุนุจุณ ),,07:15,,6
10/17/2025 2:29 PM,ุญุณู ุจู ูุญูุฏ ููุตูุฑ ุงูุฏุบุฑูุฑู,ุฅุฑุดุงุฏ ุงูุณุงุฑู ุดุฑุญ ุงูุณูุฉ ููุจุฑุจูุงุฑู,,01:06:22,ุฌุงูุนุงููุฑูุฏ,4
10/17/2025 2:33 PM,ุญุณู ุจู ูุญูุฏ ููุตูุฑ ุงูุฏุบุฑูุฑู,ููุนูุงูุฉ ุฒูุฏ ุจู ูุงุฏู ูุฏุฎูู,,16:31,ุนู ุจุนุฏ,7
10/17/2025 5:40 PM,ุญุณู ุจู ูุญูุฏ ููุตูุฑ ุงูุฏุบุฑูุฑู,ุงูููุฎุต ุงููููู,,05:16,ุฌุงูุนุงููุฑูุฏ,10
10/17/2025 6:55 PM,ุญุณู ุจู ูุญูุฏ ููุตูุฑ ุงูุฏุบุฑูุฑู,ูุนุงุฑุฌ ุงููุจูู ุดุฑุญ ููุธููุฉ ุณูู ุงููุตูู,,24:03,ุนู ุจุนุฏ,7
10/17/2025 7:01 PM,ุญุณู ุจู ูุญูุฏ ููุตูุฑ ุงูุฏุบุฑูุฑู,ุงูููุฎุต ุดุฑุญ ูุชุงุจ ุงูุชูุญูุฏ,,07:50,ุฌุงูุนุงููุฑูุฏ,11
10/17/2025 7:07 PM,ุญุณู ุจู ูุญูุฏ ููุตูุฑ ุงูุฏุบุฑูุฑู,ุงูููุฎุต ุงููููู,,08:37,ุฌุงูุนุงููุฑูุฏ,11
10/17/2025 7:12 PM,ุญุณู ุจู ูุญูุฏ ููุตูุฑ ุงูุฏุบุฑูุฑู,ุชุฃุณูุณ ุงูุฃุญูุงู - ูุชุงุจ ุงูููุงุญ (ูฆ),,22:15,ุฌุงูุนุงููุฑูุฏ,7
10/22/2025 6:11 AM,ุญุณู ุจู ูุญูุฏ ููุตูุฑ ุงูุฏุบุฑูุฑู,ุชุฃุณูุณ ุงูุฃุญูุงู ุดุฑุญ ุนูุฏุฉ ุงูุฃุญูุงู,,57:12,ุฌุงูุนุงููุฑูุฏ,5
10/22/2025 6:18 AM,ุญุณู ุจู ูุญูุฏ ููุตูุฑ ุงูุฏุบุฑูุฑู,ุงูููุฎุต ุดุฑุญ ูุชุงุจ ุงูุชูุญูุฏ,,18:26,ุฌุงูุนุงููุฑูุฏ,2
10/23/2025 11:30 AM,ุญุณู ุจู ูุญูุฏ ููุตูุฑ ุงูุฏุบุฑูุฑู,ุงูููููููููููููููููุฏุฑุณ (33),,01:08:24,ุฌุงูุนุงููุฑูุฏ,2
10/26/2025 1:44 AM,ุญุณู ุจู ูุญูุฏ ููุตูุฑ ุงูุฏุบุฑูุฑู,ุงูุชุนูููุงุช ุงูุจููุฉ ุนูู ุงูุฑุณุงุฆู ุงูุนูุฏูุฉ,,48:16,ุฌุงูุนุงููุฑูุฏ,1
10/26/2025 1:50 AM,ุญุณู ุจู ูุญูุฏ ููุตูุฑ ุงูุฏุบุฑูุฑู,"ุงูุชูุณูุฑ ุงูููุณุฑ ( ุณูุฑุฉ ุนุจุณ  ""ูข"" )",,05:47,,7
10/26/2025 2:09 AM,ุญุณู ุจู ูุญูุฏ ููุตูุฑ ุงูุฏุบุฑูุฑู,ุฅุฑุดุงุฏ ุงูุณุงุฑู ุดุฑุญ ุงูุณูุฉ ููุจุฑุจูุงุฑู,,51:42,ุฌุงูุนุงููุฑูุฏ,1
10/26/2025 2:18 AM,ุญุณู ุจู ูุญูุฏ ููุตูุฑ ุงูุฏุบุฑูุฑู,ุงูููุฎุต ุงููููู,,11:02,ุฌุงูุนุงููุฑูุฏ,2
10/26/2025 2:24 AM,ุญุณู ุจู ูุญูุฏ ููุตูุฑ ุงูุฏุบุฑูุฑู,ุงูููุฎุต ุดุฑุญ ูุชุงุจ ุงูุชูุญูุฏ,,09:45,ุฌุงูุนุงููุฑูุฏ,3
10/26/2025 2:29 AM,ุญุณู ุจู ูุญูุฏ ููุตูุฑ ุงูุฏุบุฑูุฑู,ููุนูุงูุฉ ุฒูุฏ ุจู ูุงุฏู ูุฏุฎูู,,09:33,ุนู ุจุนุฏ,8
10/26/2025 2:38 AM,ุญุณู ุจู ูุญูุฏ ููุตูุฑ ุงูุฏุบุฑูุฑู,ุงูููุฎุต ุงููููู,,10:56,ุฌุงูุนุงููุฑูุฏ,3
10/26/2025 2:40 AM,ุญุณู ุจู ูุญูุฏ ููุตูุฑ ุงูุฏุบุฑูุฑู,ุชุฃุณูุณ ุงูุฃุญูุงู ุดุฑุญ ุนูุฏุฉ ุงูุฃุญูุงู,,20:30,ุนู ุจุนุฏ,7
10/26/2025 7:33 AM,ุญุณู ุจู ูุญูุฏ ููุตูุฑ ุงูุฏุบุฑูุฑู,ุงูุชุนูููุงุช ุงูุจููุฉ ุนูู ุงูุฑุณุงุฆู ุงูุนูุฏูุฉ,,01:08,ุฌุงูุนุงููุฑูุฏ,2
10/26/2025 7:40 AM,ุญุณู ุจู ูุญูุฏ ููุตูุฑ ุงูุฏุบุฑูุฑู,ุฅุฑุดุงุฏ ุงูุณุงุฑู ุดุฑุญ ุงูุณูุฉ ููุจุฑุจูุงุฑู,,01:03:05,ุฌุงูุนุงููุฑูุฏ,6
10/26/2025 9:03 PM,ุญุณู ุจู ูุญูุฏ ููุตูุฑ ุงูุฏุบุฑูุฑู,ูุนุงุฑุฌ ุงููุจูู ุดุฑุญ ููุธููุฉ ุณูู ุงููุตูู,,20:27,ุนู ุจุนุฏ,9
10/29/2025 2:02 AM,ุญุณู ุจู ูุญูุฏ ููุตูุฑ ุงูุฏุบุฑูุฑู,ุงูุฃููุงู ุงููุฏูุฉ - ูุชุงุจ ุงูุจููุน,,25:02,ุนู ุจุนุฏ,20
10/29/2025 12:37 PM,ุญุณู ุจู ูุญูุฏ ููุตูุฑ ุงูุฏุบุฑูุฑู,ุงูููุฎุต ุงููููู,,5:56,ุฌุงูุนุงููุฑูุฏ,4
10/29/2025 12:53 PM,ุญุณู ุจู ูุญูุฏ ููุตูุฑ ุงูุฏุบุฑูุฑู,ุงูููุฎุต ุดุฑุญ ูุชุงุจ ุงูุชูุญูุฏ,,7:22,ุฌุงูุนุงููุฑูุฏ,5
11/2/2025 6:31 PM,ุญุณู ุจู ูุญูุฏ ููุตูุฑ ุงูุฏุบุฑูุฑู,ุงูููุฎุต ุงููููู,,15:18,ุฌุงูุนุงููุฑูุฏ,5
11/9/2025 9:27 PM,ุญุณู ุจู ูุญูุฏ ููุตูุฑ ุงูุฏุบุฑูุฑู,ุงูููุฎุต ุดุฑุญ ูุชุงุจ ุงูุชูุญูุฏ,,09:15,ุฌุงูุนุงููุฑูุฏ,6
11/27/2025 2:46 PM,ุญุณู ุจู ูุญูุฏ ููุตูุฑ ุงูุฏุบุฑูุฑู,ุชุฃุณูุณ ุงูุฃุญูุงู ุดุฑุญ ุนูุฏุฉ ุงูุฃุญูุงู,,42:40,ุฌุงูุนุงููุฑูุฏ,6
11/27/2025 2:50 PM,ุญุณู ุจู ูุญูุฏ ููุตูุฑ ุงูุฏุบุฑูุฑู,ุงูุฃููุงู ุงููุฏูุฉ - ูุชุงุจ ุงูุจููุน,,12:14,ุนู ุจุนุฏ,2
11/27/2025 3:41 PM,ุญุณู ุจู ูุญูุฏ ููุตูุฑ ุงูุฏุบุฑูุฑู,ุชุฃุณูุณ ุงูุฃุญูุงู ุดุฑุญ ุนูุฏุฉ ุงูุฃุญูุงู,,43:57,ุฌุงูุนุงููุฑูุฏ,7
11/28/2025 8:49 PM,ุญุณู ุจู ูุญูุฏ ููุตูุฑ ุงูุฏุบุฑูุฑู,[ #ุฎุทุจุฉ_ุงูุฌูุนุฉ]๐ธ,,26:07,ุนู ุจุนุฏ,3
11/30/2025 1:03 AM,ุญุณู ุจู ูุญูุฏ ููุตูุฑ ุงูุฏุบุฑูุฑู,ุงูููุฎุต ุดุฑุญ ูุชุงุจ ุงูุชูุญูุฏ,,10:17,ุฌุงูุนุงููุฑูุฏ,7
11/30/2025 1:17 AM,ุญุณู ุจู ูุญูุฏ ููุตูุฑ ุงูุฏุบุฑูุฑู,ุฅุฑุดุงุฏ ุงูุณุงุฑู ุดุฑุญ ุงูุณูุฉ ููุจุฑุจูุงุฑู,,58:20,ุฌุงูุนุงููุฑูุฏ,7
11/30/2025 1:22 AM,ุญุณู ุจู ูุญูุฏ ููุตูุฑ ุงูุฏุบุฑูุฑู,ุงูููุฑุฏ ุงูุนุฐุจ ุงูุฒูุงู,,42:51,ุฌุงูุนุงููุฑูุฏ,1
11/30/2025 1:22 AM,ุญุณู ุจู ูุญูุฏ ููุตูุฑ ุงูุฏุบุฑูุฑู,"ุงูุชูุณูุฑ ุงูููุณุฑ ( ุณูุฑุฉ ุงูุชูููุฑ  ""ูข"" )",,06:05,,9
11/30/2025 6:55 PM,ุญุณู ุจู ูุญูุฏ ููุตูุฑ ุงูุฏุบุฑูุฑู,"ุงูุชูุณูุฑ ุงูููุณุฑ ( ุณูุฑุฉ ุงููุทูููู  ""ูก"" )",,05:35,,11
12/2/2025 12:41 AM,ุญุณู ุจู ูุญูุฏ ููุตูุฑ ุงูุฏุบุฑูุฑู,ุงูููุฎุต ุดุฑุญ ูุชุงุจ ุงูุชูุญูุฏ,,10:46,ุฌุงูุนุงููุฑูุฏ,8
12/2/2025 12:47 AM,ุญุณู ุจู ูุญูุฏ ููุตูุฑ ุงูุฏุบุฑูุฑู,ุงูููุฎุต ุงููููู,,11:25,ุฌุงูุนุงููุฑูุฏ,8
12/2/2025 12:49 AM,ุญุณู ุจู ูุญูุฏ ููุตูุฑ ุงูุฏุบุฑูุฑู,[ #ุฎุทุจุฉ_ุงูุงุณุชุณูุงุก]๐ธ,,55:49,ุฌุงูุนุงููุฑูุฏ,1
12/2/2025 5:56 PM,ุญุณู ุจู ูุญูุฏ ููุตูุฑ ุงูุฏุบุฑูุฑู,ุงูููุฑุฏ ุงูุนุฐุจ ุงูุฒูุงู,,34:17,ุฌุงูุนุงููุฑูุฏ,2
12/2/2025 6:01 PM,ุญุณู ุจู ูุญูุฏ ููุตูุฑ ุงูุฏุบุฑูุฑู,ุงูููุฑุฏ ุงูุนุฐุจ ุงูุฒูุงู,,59:22,ุฌุงูุนุงููุฑูุฏ,3
12/2/2025 6:03 PM,ุญุณู ุจู ูุญูุฏ ููุตูุฑ ุงูุฏุบุฑูุฑู,ุงูููุฎุต ุดุฑุญ ูุชุงุจ ุงูุชูุญูุฏ,,06:58,ุฌุงูุนุงููุฑูุฏ,9
12/2/2025 6:12 PM,ุญุณู ุจู ูุญูุฏ ููุตูุฑ ุงูุฏุบุฑูุฑู,ุฅุฑุดุงุฏ ุงูุณุงุฑู ุดุฑุญ ุงูุณูุฉ ููุจุฑุจูุงุฑู,,52:58,ุฌุงูุนุงููุฑูุฏ,8
12/2/2025 6:19 PM,ุญุณู ุจู ูุญูุฏ ููุตูุฑ ุงูุฏุบุฑูุฑู,ุงูุชุนูููุงุช ุงูุจููุฉ ุนูู ุงูุฑุณุงุฆู ุงูุนูุฏูุฉ,,01:03,ุฌุงูุนุงููุฑูุฏ,4
12/2/2025 6:25 PM,ุญุณู ุจู ูุญูุฏ ููุตูุฑ ุงูุฏุบุฑูุฑู,ุงูุฃููุงู ุงููุฏูุฉ - ูุชุงุจ ุงูุจููุน,,24:15,ุนู ุจุนุฏ,6
12/3/2025 11:38 AM,ุญุณู ุจู ูุญูุฏ ููุตูุฑ ุงูุฏุบุฑูุฑู,[ #ุฎุทุจุฉ_ุงูุฌูุนุฉ]๐ธ,,32:50,ุฌุงูุนุงููุฑูุฏ,4
12/8/2025 6:34 PM,ุญุณู ุจู ูุญูุฏ ููุตูุฑ ุงูุฏุบุฑูุฑู,ุงูุชุนูููุงุช ุงูุจููุฉ ุนูู ุงูุฑุณุงุฆู ุงูุนูุฏูุฉ,,34:44,ุฌุงูุนุงููุฑูุฏ,5
12/8/2025 6:41 PM,ุญุณู ุจู ูุญูุฏ ููุตูุฑ ุงูุฏุบุฑูุฑู,ุงูุชุนูููุงุช ุงูุจููุฉ ุนูู ุงูุฑุณุงุฆู ุงูุนูุฏูุฉ,,56:16,ุฌุงูุนุงููุฑูุฏ,6
12/8/2025 8:23 PM,ุญุณู ุจู ูุญูุฏ ููุตูุฑ ุงูุฏุบุฑูุฑู,ุงูููุฎุต ุดุฑุญ ูุชุงุจ ุงูุชูุญูุฏ,,08:14,ุฌุงูุนุงููุฑูุฏ,20
12/8/2025 10:46 PM,ุญุณู ุจู ูุญูุฏ ููุตูุฑ ุงูุฏุบุฑูุฑู,ุงูุฃููุงู ุงููุฏูุฉ - ูุชุงุจ ุงูุจููุน,,16:12,ุนู ุจุนุฏ,7
12/8/2025 11:09 PM,ุญุณู ุจู ูุญูุฏ ููุตูุฑ ุงูุฏุบุฑูุฑู,ุชุฃุณูุณ ุงูุฃุญูุงู ุดุฑุญ ุนูุฏุฉ ุงูุฃุญูุงู,,33:27,ุฌุงูุนุงููุฑูุฏ,3
12/8/2025 11:16 PM,ุญุณู ุจู ูุญูุฏ ููุตูุฑ ุงูุฏุบุฑูุฑู,ุงูููุฎุต ุงููููู,,12:09,ุฌุงูุนุงููุฑูุฏ,20
12/8/2025 11:56 PM,ุญุณู ุจู ูุญูุฏ ููุตูุฑ ุงูุฏุบุฑูุฑู,ุฅุฑุดุงุฏ ุงูุณุงุฑู ุดุฑุญ ุงูุณูุฉ ููุจุฑุจูุงุฑู,,43:47,ุฌุงูุนุงููุฑูุฏ,9
12/9/2025 12:06 AM,ุญุณู ุจู ูุญูุฏ ููุตูุฑ ุงูุฏุบุฑูุฑู,ุงูููุฎุต ุดุฑุญ ูุชุงุจ ุงูุชูุญูุฏ,,11:28,ุฌุงูุนุงููุฑูุฏ,20
12/9/2025 12:12 AM,ุญุณู ุจู ูุญูุฏ ููุตูุฑ ุงูุฏุบุฑูุฑู,ุงูููุฎุต ุดุฑุญ ูุชุงุจ ุงูุชูุญูุฏ,,13:54,ุฌุงูุนุงููุฑูุฏ,2
12/9/2025 12:54 AM,ุญุณู ุจู ูุญูุฏ ููุตูุฑ ุงูุฏุบุฑูุฑู,ูุนุงุฑุฌ ุงููุจูู ุดุฑุญ ููุธููุฉ ุณูู ุงููุตูู,,28:36,ุนู ุจุนุฏ,3
12/9/2025 12:54 AM,ุญุณู ุจู ูุญูุฏ ููุตูุฑ ุงูุฏุบุฑูุฑู,ุงูููุฎุต ุงููููู,,12:00,ุฌุงูุนุงููุฑูุฏ ุจุญู ุงููุฑูุฑุฏ ุจุฌุฏุฉ - ูกู / ูฆ / ูกูคูคูง,20
12/9/2025 1:03 AM,ุญุณู ุจู ูุญูุฏ ููุตูุฑ ุงูุฏุบุฑูุฑู,ุงูููุฎุต ุงููููู,,22:07,ุฌุงูุนุงููุฑูุฏ,2
12/9/2025 1:05 AM,ุญุณู ุจู ูุญูุฏ ููุตูุฑ ุงูุฏุบุฑูุฑู,ุชุฃุณูุณ ุงูุฃุญูุงู ุดุฑุญ ุนูุฏุฉ ุงูุฃุญูุงู,,25:14,ุนู ุจุนุฏ,8
12/9/2025 6:50 PM,ุญุณู ุจู ูุญูุฏ ููุตูุฑ ุงูุฏุบุฑูุฑู,ุงูุชุนูููุงุช ุงูุจููุฉ ุนูู ุงูุฑุณุงุฆู ุงูุนูุฏูุฉ,,41:24,ุฌุงูุนุงููุฑูุฏ,3
12/9/2025 6:57 PM,ุญุณู ุจู ูุญูุฏ ููุตูุฑ ุงูุฏุบุฑูุฑู,ุฅุฑุดุงุฏ ุงูุณุงุฑู ุดุฑุญ ุงูุณูุฉ ููุจุฑุจูุงุฑู,,46:25,ุฌุงูุนุงููุฑูุฏ,10
12/11/2025 4:26 PM,ุญุณู ุจู ูุญูุฏ ููุตูุฑ ุงูุฏุบุฑูุฑู,ุงูููุฎุต ุงููููู,,12:52,ุฌุงูุนุงููุฑูุฏ,7
12/11/2025 4:51 PM,ุญุณู ุจู ูุญูุฏ ููุตูุฑ ุงูุฏุบุฑูุฑู,ุงูููุฎุต ุงููููู,,13:20,ุฌุงูุนุงููุฑูุฏ,9
12/11/2025 9:06 PM,ุญุณู ุจู ูุญูุฏ ููุตูุฑ ุงูุฏุบุฑูุฑู,ุงูููุฎุต ุงููููู,,09:07,ุฌุงูุนุงููุฑูุฏ ูู ูุชุงุจ ุงูุตูุงุฉ ( ูก ),3
12/12/2025 2:19 PM,ุญุณู ุจู ูุญูุฏ ููุตูุฑ ุงูุฏุบุฑูุฑู,ุงูููุฎุต ุดุฑุญ ูุชุงุจ ุงูุชูุญูุฏ,,17:02,ุฌุงูุนุงููุฑูุฏ,5
12/13/2025 1:45 PM,ุญุณู ุจู ูุญูุฏ ููุตูุฑ ุงูุฏุบุฑูุฑู,ุชุฃุณูุณ ุงูุฃุญูุงู ุดุฑุญ ุนูุฏุฉ ุงูุฃุญูุงู,,45:03,ุฌุงูุนุงููุฑูุฏ,1
12/13/2025 1:58 PM,ุญุณู ุจู ูุญูุฏ ููุตูุฑ ุงูุฏุบุฑูุฑู,ุงูุฃููุงู ุงููุฏูุฉ - ุชุงุจุน ุจุงุจ ุงูุฑุจุง -,,27:52,ุนู ุจุนุฏ,8
12/13/2025 2:02 PM,ุญุณู ุจู ูุญูุฏ ููุตูุฑ ุงูุฏุบุฑูุฑู,ุงูุฃููุงู ุงููุฏูุฉ - ุชุงุจุน ุจุงุจ ุงูุฑุจุง -,,31:29,ุนู ุจุนุฏ,9
12/13/2025 2:05 PM,ุญุณู ุจู ูุญูุฏ ููุตูุฑ ุงูุฏุบุฑูุฑู,ุงูุฃููุงู ุงููุฏูุฉ - ุชุงุจุน ุจุงุจ ุงูุฑุจุง -,,14:21,ุนู ุจุนุฏ,4
12/13/2025 2:07 PM,ุญุณู ุจู ูุญูุฏ ููุตูุฑ ุงูุฏุบุฑูุฑู,ุงูุฃููุงู ุงููุฏูุฉ - ุชุงุจุน ุจุงุจ ุงูุฑุจุง -,,10:30,ุนู ุจุนุฏ,5
12/13/2025 2:08 PM,ุญุณู ุจู ูุญูุฏ ููุตูุฑ ุงูุฏุบุฑูุฑู,ุงูุฃููุงู ุงููุฏูุฉ - ุชุงุจุน ุจุงุจ ุงูุฑุจุง -,,16:12,ุนู ุจุนุฏ,8
12/13/2025 2:10 PM,ุญุณู ุจู ูุญูุฏ ููุตูุฑ ุงูุฏุบุฑูุฑู,ุงูุฃููุงู ุงููุฏูุฉ - ุจุงุจ ุงููุจุฉ ูุงูุนูุฑู ูุงูุฑูุจุฉ -,,41:02,ุนู ุจุนุฏ,9
12/13/2025 2:13 PM,ุญุณู ุจู ูุญูุฏ ููุตูุฑ ุงูุฏุบุฑูุฑู,ูุนุงุฑุฌ ุงููุจูู ุดุฑุญ ููุธููุฉ ุณูู ุงููุตูู,,12:50,ุนู ุจุนุฏ,2
12/13/2025 2:16 PM,ุญุณู ุจู ูุญูุฏ ููุตูุฑ ุงูุฏุบุฑูุฑู,ูุนุงุฑุฌ ุงููุจูู ุดุฑุญ ููุธููุฉ ุณูู ุงููุตูู,,11:08,ุนู ุจุนุฏ,3
12/13/2025 2:17 PM,ุญุณู ุจู ูุญูุฏ ููุตูุฑ ุงูุฏุบุฑูุฑู,ูุนุงุฑุฌ ุงููุจูู ุดุฑุญ ููุธููุฉ ุณูู ุงููุตูู,,16:16,ุนู ุจุนุฏ,5
12/13/2025 2:18 PM,ุญุณู ุจู ูุญูุฏ ููุตูุฑ ุงูุฏุบุฑูุฑู,ูุนุงุฑุฌ ุงููุจูู ุดุฑุญ ููุธููุฉ ุณูู ุงููุตูู,,18:14,ุนู ุจุนุฏ,10
12/13/2025 2:19 PM,ุญุณู ุจู ูุญูุฏ ููุตูุฑ ุงูุฏุบุฑูุฑู,ูุนุงุฑุฌ ุงููุจูู ุดุฑุญ ููุธููุฉ ุณูู ุงููุตูู,,26:10,ุนู ุจุนุฏ,4
12/13/2025 2:22 PM,ุญุณู ุจู ูุญูุฏ ููุตูุฑ ุงูุฏุบุฑูุฑู,ุงูุชูุณูุฑ ุงูููุณุฑ ( ุณูุฑุฉ ุงูุงูุดูุงู ),,10:39,,3
12/15/2025 8:46 PM,ุญุณู ุจู ูุญูุฏ ููุตูุฑ ุงูุฏุบุฑูุฑู,ุงูุชุนูููุงุช ุงูุจููุฉ ุนูู ุงูุฑุณุงุฆู ุงูุนูุฏูุฉ,,39:52,ุฌุงูุนุงููุฑูุฏ,7
12/15/2025 8:49 PM,ุญุณู ุจู ูุญูุฏ ููุตูุฑ ุงูุฏุบุฑูุฑู,ุงูููุฑุฏ ุงูุนุฐุจ ุงูุฒูุงู,,48:06,ุฌุงูุนุงููุฑูุฏ,5
12/18/2025 12:45 AM,ุญุณู ุจู ูุญูุฏ ููุตูุฑ ุงูุฏุบุฑูุฑู,ุฅุฑุดุงุฏ ุงูุณุงุฑู ุดุฑุญ ุงูุณูุฉ ููุจุฑุจูุงุฑู,,48:15,ุฌุงูุนุงููุฑูุฏ,11
12/18/2025 12:52 AM,ุญุณู ุจู ูุญูุฏ ููุตูุฑ ุงูุฏุบุฑูุฑู,ุงูููุฎุต ุดุฑุญ ูุชุงุจ ุงูุชูุญูุฏ,,14:17,ุฌุงูุนุงููุฑูุฏ,6
12/18/2025 1:42 AM,ุญุณู ุจู ูุญูุฏ ููุตูุฑ ุงูุฏุบุฑูุฑู,ุงูููุฎุต ุงููููู,,16:01,ุฌุงูุนุงููุฑูุฏ ูู ูุชุงุจ ุงูุตูุงุฉ ( ูข ),4
12/18/2025 1:45 AM,ุญุณู ุจู ูุญูุฏ ููุตูุฑ ุงูุฏุบุฑูุฑู,ุงูููุฎุต ุงููููู,,16:37,ุฌุงูุนุงููุฑูุฏ ูู ูุชุงุจ ุงูุตูุงุฉ ( ูฃ ),5
12/18/2025 1:52 AM,ุญุณู ุจู ูุญูุฏ ููุตูุฑ ุงูุฏุบุฑูุฑู,ุงูุฃููุงู ุงููุฏูุฉ - ุจุงุจ ุงูุฃุฑุถ ุงูููุงุช -,,11:39,ุนู ุจุนุฏ,
12/18/2025 1:52 AM,ุญุณู ุจู ูุญูุฏ ููุตูุฑ ุงูุฏุบุฑูุฑู,ุงูุฃููุงู ุงููุฏูุฉ - ุจุงุจ ุงูุฃุฑุถ ุงูููุงุช -,,19:41,ุนู ุจุนุฏ,
12/18/2025 2:05 AM,ุญุณู ุจู ูุญูุฏ ููุตูุฑ ุงูุฏุบุฑูุฑู,ุชุฃุณูุณ ุงูุฃุญูุงู ุดุฑุญ ุนูุฏุฉ ุงูุฃุญูุงู,,44:32,ุฌุงูุนุงููุฑูุฏ,4
12/18/2025 2:07 AM,ุญุณู ุจู ูุญูุฏ ููุตูุฑ ุงูุฏุบุฑูุฑู,ุชุฃุณูุณ ุงูุฃุญูุงู ุดุฑุญ ุนูุฏุฉ ุงูุฃุญูุงู,,52:52,ุฌุงูุนุงููุฑูุฏ,5
12/18/2025 2:33 AM,ุญุณู ุจู ูุญูุฏ ููุตูุฑ ุงูุฏุบุฑูุฑู,ูุนุงุฑุฌ ุงููุจูู ุดุฑุญ ููุธููุฉ ุณูู ุงููุตูู,,10:27,ุนู ุจุนุฏ,5
12/22/2025 10:39 AM,ุญุณู ุจู ูุญูุฏ ููุตูุฑ ุงูุฏุบุฑูุฑู,ุชุฃุณูุณ ุงูุฃุญูุงู ุดุฑุญ ุนูุฏุฉ ุงูุฃุญูุงู,,29:17,ุนู ุจุนุฏ,
12/22/2025 11:07 AM,ุญุณู ุจู ูุญูุฏ ููุตูุฑ ุงูุฏุบุฑูุฑู,ุงูุชุญูุฉ ุงููุฌููุฉ ุจุดุฑุญ ุงูุฃุฑุจุนูู ุงูููููุฉ,,52:42,ุฌุงูุนุงููุฑูุฏ,
12/22/2025 11:26 AM,ุญุณู ุจู ูุญูุฏ ููุตูุฑ ุงูุฏุบุฑูุฑู,ูุฎุชุตุฑ ุงูุณูุฑุฉ ุงููุจููุฉ,,43:13,ุฌุงูุนุงููุฑูุฏ,
12/22/2025 2:56 PM,ุญุณู ุจู ูุญูุฏ ููุตูุฑ ุงูุฏุบุฑูุฑู,ุงูุชูุณูุฑ ุงูููุณุฑ ( ุณูุฑุฉ ุงูุจุฑูุฌ ),,22:17,,4
12/22/2025 3:05 PM,ุญุณู ุจู ูุญูุฏ ููุตูุฑ ุงูุฏุบุฑูุฑู,ุงูุชุนูููุงุช ุงูุจููุฉ ุนูู ุงูุฑุณุงุฆู ุงูุนูุฏูุฉ,,33:42,ุฌุงูุนุงููุฑูุฏ,8
12/22/2025 3:17 PM,ุญุณู ุจู ูุญูุฏ ููุตูุฑ ุงูุฏุบุฑูุฑู,ุงูููุฑุฏ ุงูุนุฐุจ ุงูุฒูุงู,,35:22,ุฌุงูุนุงููุฑูุฏ,6
12/22/2025 4:03 PM,ุญุณู ุจู ูุญูุฏ ููุตูุฑ ุงูุฏุบุฑูุฑู,ุฅุฑุดุงุฏ ุงูุณุงุฑู ุดุฑุญ ุงูุณูุฉ ููุจุฑุจูุงุฑู,,48:06,ุฌุงูุนุงููุฑูุฏ,2
12/22/2025 4:42 PM,ุญุณู ุจู ูุญูุฏ ููุตูุฑ ุงูุฏุบุฑูุฑู,ุงูููุฎุต ุดุฑุญ ูุชุงุจ ุงูุชูุญูุฏ,,12:04,ุฌุงูุนุงููุฑูุฏ,8
12/22/2025 4:50 PM,ุญุณู ุจู ูุญูุฏ ููุตูุฑ ุงูุฏุบุฑูุฑู,ุชุฃุณูุณ ุงูุฃุญูุงู ุดุฑุญ ุนูุฏุฉ ุงูุฃุญูุงู,,42:29,ุฌุงูุนุงููุฑูุฏ,7
12/22/2025 4:59 PM,ุญุณู ุจู ูุญูุฏ ููุตูุฑ ุงูุฏุบุฑูุฑู,ุงูุฃููุงู ุงููุฏูุฉ - ูุชุงุจ ุงูุจููุน ุจุงุจ ุงูููู -,,19:42,ุนู ุจุนุฏ,
12/22/2025 5:05 PM,ุญุณู ุจู ูุญูุฏ ููุตูุฑ ุงูุฏุบุฑูุฑู,ุงูุฃููุงู ุงููุฏูุฉ - ูุชุงุจ ุงููุฑุงุฆุถ,,21:26,ุนู ุจุนุฏ,
12/22/2025 9:01 PM,ุญุณู ุจู ูุญูุฏ ููุตูุฑ ุงูุฏุบุฑูุฑู,ุงูููุฎุต ุดุฑุญ ูุชุงุจ ุงูุชูุญูุฏ,,19:36,ุฌุงูุนุงููุฑูุฏ,7
12/22/2025 9:41 PM,ุญุณู ุจู ูุญูุฏ ููุตูุฑ ุงูุฏุบุฑูุฑู,ุชุฃุณูุณ ุงูุฃุญูุงู ุดุฑุญ ุนูุฏุฉ ุงูุฃุญูุงู,,50:34,ุฌุงูุนุงููุฑูุฏ,6
12/22/2025 9:55 PM,ุญุณู ุจู ูุญูุฏ ููุตูุฑ ุงูุฏุบุฑูุฑู,ุงูููุฎุต ุงููููู,,10:17,ุฌุงูุนุงููุฑูุฏ ูู ูุชุงุจ ุงูุตูุงุฉ ( ูค ),6
12/22/2025 10:04 PM,ุญุณู ุจู ูุญูุฏ ููุตูุฑ ุงูุฏุบุฑูุฑู,ุชุฃุณูุณ ุงูุฃุญูุงู ุดุฑุญ ุนูุฏุฉ ุงูุฃุญูุงู,,29:39,ุฌุงูุนุงููุฑูุฏ,8
12/22/2025 10:17 PM,ุญุณู ุจู ูุญูุฏ ููุตูุฑ ุงูุฏุบุฑูุฑู,ุงูุฃููุงู ุงููุฏูุฉ - ูุชุงุจ ุงููุฑุงุฆุถ ุจุงุจ ุงููุตูุฉ,,20:31,ุนู ุจุนุฏ,2
12/24/2025 5:27 PM,ุญุณู ุจู ูุญูุฏ ููุตูุฑ ุงูุฏุบุฑูุฑู,ุงูููุฎุต ุงููููู,,19:29,ุฌุงูุนุงููุฑูุฏ ูู ูุชุงุจ ุงูุตูุงุฉ (ูฅ ),6
12/24/2025 5:31 PM,ุญุณู ุจู ูุญูุฏ ููุตูุฑ ุงูุฏุบุฑูุฑู,ุงูููุฎุต ุดุฑุญ ูุชุงุจ ุงูุชูุญูุฏ,,8:17,ุฌุงูุนุงููุฑูุฏ,9
12/24/2025 6:51 PM,ุญุณู ุจู ูุญูุฏ ููุตูุฑ ุงูุฏุบุฑูุฑู,ุชุฃุณูุณ ุงูุฃุญูุงู ุดุฑุญ ุนูุฏุฉ ุงูุฃุญูุงู,,21:52,ุนู ุจุนุฏ,2
12/28/2025 6:51 AM,ุญุณู ุจู ูุญูุฏ ููุตูุฑ ุงูุฏุบุฑูุฑู,ูุฎุชุตุฑ ุงูุณูุฑุฉ ุงููุจููุฉ,,37:49,ุฌุงูุนุงููุฑูุฏ,2
12/28/2025 6:57 AM,ุญุณู ุจู ูุญูุฏ ููุตูุฑ ุงูุฏุบุฑูุฑู,ุชูุจูู ุงูุงูุงู ุนูู ูุง ูู ูุชุงุจ ุณุจู ุงูุณูุงู ูู ุงูููุงุฆุฏ ูุงูุฃุญูุงู,,1:11:42,ุฌุงูุนุงููุฑูุฏ,2
12/28/2025 7:02 AM,ุญุณู ุจู ูุญูุฏ ููุตูุฑ ุงูุฏุบุฑูุฑู,ุงูุชูุณูุฑ ุงูููุณุฑ ( ุณูุฑุฉ ุงูุทุงุฑู ),,6:31,,5
12/28/2025 7:17 AM,ุญุณู ุจู ูุญูุฏ ููุตูุฑ ุงูุฏุบุฑูุฑู,ุงูุชุนูููุงุช ุงูุจููุฉ ุนูู ุงูุฑุณุงุฆู ุงูุนูุฏูุฉ,,1:04:56,ุฌุงูุนุงููุฑูุฏ,9
12/28/2025 7:23 AM,ุญุณู ุจู ูุญูุฏ ููุตูุฑ ุงูุฏุบุฑูุฑู,ุงูููุฑุฏ ุงูุนุฐุจ ุงูุฒูุงู,,26:55,ุฌุงูุนุงููุฑูุฏ,7
12/28/2025 7:50 AM,ุญุณู ุจู ูุญูุฏ ููุตูุฑ ุงูุฏุบุฑูุฑู,ุฅุฑุดุงุฏ ุงูุณุงุฑู ุดุฑุญ ุงูุณูุฉ ููุจุฑุจูุงุฑู,,45:09,ุฌุงูุนุงููุฑูุฏ,3
12/28/2025 7:46 PM,ุญุณู ุจู ูุญูุฏ ููุตูุฑ ุงูุฏุบุฑูุฑู,ุงูููุฎุต ุดุฑุญ ูุชุงุจ ุงูุชูุญูุฏ,,9:14,ุฌุงูุนุงููุฑูุฏ,
12/28/2025 10:05 PM,ุญุณู ุจู ูุญูุฏ ููุตูุฑ ุงูุฏุบุฑูุฑู,ุชุฃุณูุณ ุงูุฃุญูุงู ุดุฑุญ ุนูุฏุฉ ุงูุฃุญูุงู,,54:29,ุฌุงูุนุงููุฑูุฏ,9
12/30/2025 6:52 AM,ุญุณู ุจู ูุญูุฏ ููุตูุฑ ุงูุฏุบุฑูุฑู,ุงูููุฎุต ุงููููู,,10:30,ุฌุงูุนุงููุฑูุฏ ูู ูุชุงุจ ุงูุตูุงุฉ (ูฆ ),7
12/30/2025 6:57 AM,ุญุณู ุจู ูุญูุฏ ููุตูุฑ ุงูุฏุบุฑูุฑู,ุชุฃุณูุณ ุงูุฃุญูุงู ุดุฑุญ ุนูุฏุฉ ุงูุฃุญูุงู,,53:49,ุฌุงูุนุงููุฑูุฏ,10
12/30/2025 7:07 AM,ุญุณู ุจู ูุญูุฏ ููุตูุฑ ุงูุฏุบุฑูุฑู,ุงูุฃููุงู ุงููุฏูุฉ - ูุชุงุจ ุงููุฑุงุฆุถ ุจุงุจ ุฃููุงุน ุงูุฅุฑุซ,,46:49,ุนู ุจุนุฏ,3
12/31/2025 8:49 AM,ุญุณู ุจู ูุญูุฏ ููุตูุฑ ุงูุฏุบุฑูุฑู,ุงูููุฎุต ุดุฑุญ ูุชุงุจ ุงูุชูุญูุฏ,,11:27,ุฌุงูุนุงููุฑูุฏ,
12/31/2025 8:56 AM,ุญุณู ุจู ูุญูุฏ ููุตูุฑ ุงูุฏุบุฑูุฑู,ูุนุงุฑุฌ ุงููุจูู ุดุฑุญ ููุธููุฉ ุณูู ุงููุตูู,,18:49,ุนู ุจุนุฏ,6
12/31/2025 8:04 PM,ุญุณู ุจู ูุญูุฏ ููุตูุฑ ุงูุฏุบุฑูุฑู,ุงูููุฎุต ุงููููู,,19:26,ุฌุงูุนุงููุฑูุฏ ูู ูุชุงุจ ุงูุตูุงุฉ (ูง ),8
1/1/2026 6:49 AM,ุญุณู ุจู ูุญูุฏ ููุตูุฑ ุงูุฏุบุฑูุฑู,ุชุฃุณูุณ ุงูุฃุญูุงู ุดุฑุญ ุนูุฏุฉ ุงูุฃุญูุงู,,21:04,ุนู ุจุนุฏ,3
1/3/2026 9:53 AM,ุญุณู ุจู ูุญูุฏ ููุตูุฑ ุงูุฏุบุฑูุฑู,ูุฎุชุตุฑ ุงูุณูุฑุฉ ุงููุจููุฉ,,36:09,ุฌุงูุนุงููุฑูุฏ,2
1/3/2026 5:12 PM,ุญุณู ุจู ูุญูุฏ ููุตูุฑ ุงูุฏุบุฑูุฑู,ุงูุชุญูุฉ ุงููุฌููุฉ ุจุดุฑุญ ุงูุฃุฑุจุนูู ุงูููููุฉ,,44:10,ุฌุงูุนุงููุฑูุฏ,3
1/3/2026 5:32 PM,ุญุณู ุจู ูุญูุฏ ููุตูุฑ ุงูุฏุบุฑูุฑู,ุชูุจูู ุงูุงูุงู ุนูู ูุง ูู ูุชุงุจ ุณุจู ุงูุณูุงู ูู ุงูููุงุฆุฏ ูุงูุฃุญูุงู,,46:17,ุฌุงูุนุงููุฑูุฏ,3
1/3/2026 8:35 PM,ุญุณู ุจู ูุญูุฏ ููุตูุฑ ุงูุฏุบุฑูุฑู,,,,,
